{
    "de": {
        "accuracy": 0.9225336313247681,
        "loss": 0.25800690907485707,
        "seqeval": {
            "LOC": {
                "f1": 0.63913195659783,
                "number": 5000,
                "precision": 0.49165320409262253,
                "recall": 0.913
            },
            "MISC": {
                "f1": 0.3565891472868217,
                "number": 2638,
                "precision": 0.26820875549608103,
                "recall": 0.5318423047763458
            },
            "ORG": {
                "f1": 0.474966029058221,
                "number": 3951,
                "precision": 0.4045584045584046,
                "recall": 0.5750442925841559
            },
            "PER": {
                "f1": 0.9088998464150029,
                "number": 5855,
                "precision": 0.8627992633517495,
                "recall": 0.9602049530315969
            },
            "overall_accuracy": 0.9225336364652827,
            "overall_f1": 0.6287761952281593,
            "overall_precision": 0.5201891323926748,
            "overall_recall": 0.7946571887181839
        }
    },
    "en": {
        "accuracy": 0.963448166847229,
        "loss": 0.12605221606381647,
        "seqeval": {
            "LOC": {
                "f1": 0.6736198025309413,
                "number": 5955,
                "precision": 0.5748190340571971,
                "recall": 0.8134340890008396
            },
            "MISC": {
                "f1": 0.47678992918961444,
                "number": 4505,
                "precision": 0.5825056071771868,
                "recall": 0.40355160932297446
            },
            "ORG": {
                "f1": 0.6457588560285993,
                "number": 3449,
                "precision": 0.7345656192236599,
                "recall": 0.5761090171064076
            },
            "PER": {
                "f1": 0.8586407039880172,
                "number": 5207,
                "precision": 0.8376255707762557,
                "recall": 0.8807374687920108
            },
            "overall_accuracy": 0.9634481855102843,
            "overall_f1": 0.6814437236123984,
            "overall_precision": 0.6708738848337389,
            "overall_recall": 0.6923519564762503
        }
    },
    "es": {
        "accuracy": 0.9731966257095337,
        "loss": 0.10483936452312975,
        "seqeval": {
            "LOC": {
                "f1": 0.8175376439326839,
                "number": 6157,
                "precision": 0.7492896766337438,
                "recall": 0.8994640246873478
            },
            "MISC": {
                "f1": 0.657974638328273,
                "number": 2817,
                "precision": 0.6621135873472322,
                "recall": 0.6538871139510117
            },
            "ORG": {
                "f1": 0.6024096385542169,
                "number": 2239,
                "precision": 0.6394182547642929,
                "recall": 0.5694506476105404
            },
            "PER": {
                "f1": 0.95617436258959,
                "number": 4187,
                "precision": 0.9410268270120259,
                "recall": 0.9718175304513972
            },
            "overall_accuracy": 0.973196652756309,
            "overall_f1": 0.7979680787683046,
            "overall_precision": 0.7715723728094112,
            "overall_recall": 0.8262337662337662
        }
    },
    "fr": {
        "accuracy": 0.9646186828613281,
        "loss": 0.11740815345591037,
        "seqeval": {
            "LOC": {
                "f1": 0.8036650451046143,
                "number": 9814,
                "precision": 0.7490095959151334,
                "recall": 0.8669248013042592
            },
            "MISC": {
                "f1": 0.5909178003448936,
                "number": 2592,
                "precision": 0.5869813475447279,
                "recall": 0.5949074074074074
            },
            "ORG": {
                "f1": 0.362760834670947,
                "number": 3505,
                "precision": 0.37126642771804064,
                "recall": 0.35463623395149785
            },
            "PER": {
                "f1": 0.9406920579618339,
                "number": 6221,
                "precision": 0.9269662921348315,
                "recall": 0.9548304131168622
            },
            "overall_accuracy": 0.9646186579378069,
            "overall_f1": 0.7513188298382526,
            "overall_precision": 0.7258444949877854,
            "overall_recall": 0.7786463039942165
        }
    },
    "it": {
        "accuracy": 0.9805855751037598,
        "loss": 0.06312617835066567,
        "seqeval": {
            "LOC": {
                "f1": 0.8657324587557147,
                "number": 9788,
                "precision": 0.8427825077399381,
                "recall": 0.889967306906416
            },
            "MISC": {
                "f1": 0.5275109170305676,
                "number": 2342,
                "precision": 0.5397676496872207,
                "recall": 0.515798462852263
            },
            "ORG": {
                "f1": 0.7328023171614771,
                "number": 2229,
                "precision": 0.7931034482758621,
                "recall": 0.6810228802153432
            },
            "PER": {
                "f1": 0.9248450568626271,
                "number": 8377,
                "precision": 0.9324193157000727,
                "recall": 0.9173928614062313
            },
            "overall_accuracy": 0.9805855634275201,
            "overall_f1": 0.8411560286807723,
            "overall_precision": 0.8412670479542455,
            "overall_recall": 0.8410450387051372
        }
    },
    "nl": {
        "accuracy": 0.9685344696044922,
        "loss": 0.13041057067387032,
        "seqeval": {
            "LOC": {
                "f1": 0.8077906747983474,
                "number": 6909,
                "precision": 0.7384892086330935,
                "recall": 0.8914459400781589
            },
            "MISC": {
                "f1": 0.4528664871104271,
                "number": 2388,
                "precision": 0.4188612099644128,
                "recall": 0.49288107202680065
            },
            "ORG": {
                "f1": 0.526745913818722,
                "number": 1328,
                "precision": 0.5197947214076246,
                "recall": 0.5338855421686747
            },
            "PER": {
                "f1": 0.929711375212224,
                "number": 4317,
                "precision": 0.9090305444887118,
                "recall": 0.95135510771369
            },
            "overall_accuracy": 0.9685344469375883,
            "overall_f1": 0.7601175955463815,
            "overall_precision": 0.7134805072804133,
            "overall_recall": 0.8132780082987552
        }
    },
    "pl": {
        "accuracy": 0.9624444842338562,
        "loss": 0.13606535412476095,
        "seqeval": {
            "LOC": {
                "f1": 0.8450494435020067,
                "number": 11488,
                "precision": 0.8052992666193518,
                "recall": 0.8889275766016713
            },
            "MISC": {
                "f1": 0.5463244889082209,
                "number": 2042,
                "precision": 0.49139280125195617,
                "recall": 0.6150832517140059
            },
            "ORG": {
                "f1": 0.6439213992658173,
                "number": 2419,
                "precision": 0.6740506329113924,
                "recall": 0.6163704009921455
            },
            "PER": {
                "f1": 0.8765511684125705,
                "number": 5969,
                "precision": 0.8444340940847694,
                "recall": 0.911207907522198
            },
            "overall_accuracy": 0.962444457103794,
            "overall_f1": 0.8032658050995459,
            "overall_precision": 0.7701130179991629,
            "overall_recall": 0.8394014052377041
        }
    },