{
    "de": {
        "accuracy": 0.9156153202056885,
        "loss": 0.282474135615162,
        "seqeval": {
            "LOC": {
                "f1": 0.6529894490035171,
                "number": 5000,
                "precision": 0.515263644773358,
                "recall": 0.8912
            },
            "MISC": {
                "f1": 0.32908813041263374,
                "number": 2638,
                "precision": 0.24779439969313388,
                "recall": 0.489764973464746
            },
            "ORG": {
                "f1": 0.502079318389289,
                "number": 3951,
                "precision": 0.4189234935680433,
                "recall": 0.6264236902050114
            },
            "PER": {
                "f1": 0.8996490108487555,
                "number": 5855,
                "precision": 0.8440353240532854,
                "recall": 0.9631084543125533
            },
            "overall_accuracy": 0.9156153330103238,
            "overall_f1": 0.631598131905684,
            "overall_precision": 0.524063362443764,
            "overall_recall": 0.7946571887181839
        }
    },
    "en": {
        "accuracy": 0.9635791778564453,
        "loss": 0.12770040689425155,
        "seqeval": {
            "LOC": {
                "f1": 0.6888647080159593,
                "number": 5955,
                "precision": 0.6063856960408684,
                "recall": 0.797313182199832
            },
            "MISC": {
                "f1": 0.48922753547031006,
                "number": 4505,
                "precision": 0.5992919214676536,
                "recall": 0.4133185349611543
            },
            "ORG": {
                "f1": 0.6199238578680203,
                "number": 3449,
                "precision": 0.6844133099824868,
                "recall": 0.5665410263844592
            },
            "PER": {
                "f1": 0.8605555028912694,
                "number": 5207,
                "precision": 0.8496817671284164,
                "recall": 0.8717111580564625
            },
            "overall_accuracy": 0.963579195598061,
            "overall_f1": 0.685124183006536,
            "overall_precision": 0.6848019232779345,
            "overall_recall": 0.6854467461812095
        }
    },
    "es": {
        "accuracy": 0.975316047668457,
        "loss": 0.09471876958742836,
        "seqeval": {
            "LOC": {
                "f1": 0.8622208484661155,
                "number": 6157,
                "precision": 0.8223761792452831,
                "recall": 0.9061231119051486
            },
            "MISC": {
                "f1": 0.7004078605858362,
                "number": 2817,
                "precision": 0.73302289483896,
                "recall": 0.6705715299964501
            },
            "ORG": {
                "f1": 0.623041474654378,
                "number": 2239,
                "precision": 0.6435030937648739,
                "recall": 0.6038410004466279
            },
            "PER": {
                "f1": 0.9584363593547628,
                "number": 4187,
                "precision": 0.9451927542963307,
                "recall": 0.9720563649390972
            },
            "overall_accuracy": 0.97531604829069,
            "overall_f1": 0.8271303901437372,
            "overall_precision": 0.8174784373414511,
            "overall_recall": 0.837012987012987
        }
    },
    "fr": {
        "accuracy": 0.9617545008659363,
        "loss": 0.13312339492554043,
        "seqeval": {
            "LOC": {
                "f1": 0.80856825105169,
                "number": 9814,
                "precision": 0.7693935768841447,
                "recall": 0.8519461993071122
            },
            "MISC": {
                "f1": 0.5540515483033561,
                "number": 2592,
                "precision": 0.5333809353802214,
                "recall": 0.5763888888888888
            },
            "ORG": {
                "f1": 0.33719356294179575,
                "number": 3505,
                "precision": 0.3565521628498728,
                "recall": 0.31982881597717544
            },
            "PER": {
                "f1": 0.9393963400142598,
                "number": 6221,
                "precision": 0.9261168384879725,
                "recall": 0.9530622086481273
            },
            "overall_accuracy": 0.9617545008183306,
            "overall_f1": 0.7456004939796232,
            "overall_precision": 0.7282243473765831,
            "overall_recall": 0.7638261341044641
        }
    },
    "it": {
        "accuracy": 0.9769122004508972,
        "loss": 0.0823645746992158,
        "seqeval": {
            "LOC": {
                "f1": 0.8482376636455187,
                "number": 9788,
                "precision": 0.8362787926926132,
                "recall": 0.8605435226808337
            },
            "MISC": {
                "f1": 0.4991575400168492,
                "number": 2342,
                "precision": 0.4925187032418953,
                "recall": 0.5059777967549103
            },
            "ORG": {
                "f1": 0.7036337895233601,
                "number": 2229,
                "precision": 0.7421602787456446,
                "recall": 0.6689098250336474
            },
            "PER": {
                "f1": 0.9126225269108185,
                "number": 8377,
                "precision": 0.9195346582646631,
                "recall": 0.9058135370657754
            },
            "overall_accuracy": 0.9769122165933062,
            "overall_f1": 0.8218581638262783,
            "overall_precision": 0.8218039491622323,
            "overall_recall": 0.8219123856439128
        }
    },
    "nl": {
        "accuracy": 0.9550143480300903,
        "loss": 0.1877032515677539,
        "seqeval": {
            "LOC": {
                "f1": 0.8261943986820428,
                "number": 6909,
                "precision": 0.7857422640031335,
                "recall": 0.8710377768128528
            },
            "MISC": {
                "f1": 0.5351704133430022,
                "number": 2388,
                "precision": 0.6329331046312179,
                "recall": 0.4635678391959799
            },
            "ORG": {
                "f1": 0.436950977614055,
                "number": 1328,
                "precision": 0.3502953203089505,
                "recall": 0.5805722891566265
            },
            "PER": {
                "f1": 0.9264059506367633,
                "number": 4317,
                "precision": 0.902107111501317,
                "recall": 0.9520500347463516
            },
            "overall_accuracy": 0.9550143355771628,
            "overall_f1": 0.7719162889381812,
            "overall_precision": 0.7427157438911228,
            "overall_recall": 0.8035068933208406
        }
    },
    "pl": {
        "accuracy": 0.9601989984512329,
        "loss": 0.1456304345052567,
        "seqeval": {
            "LOC": {
                "f1": 0.8554279298730461,
                "number": 11488,
                "precision": 0.8487574978577549,
                "recall": 0.8622040389972145
            },
            "MISC": {
                "f1": 0.5107054315979266,
                "number": 2042,
                "precision": 0.4730688935281837,
                "recall": 0.5548481880509305
            },
            "ORG": {
                "f1": 0.6460195385574724,
                "number": 2419,
                "precision": 0.6496655518394648,
                "recall": 0.642414220752377
            },
            "PER": {
                "f1": 0.8918743930074458,
                "number": 5969,
                "precision": 0.8626898387349303,
                "recall": 0.9231026972692243
            },
            "overall_accuracy": 0.9601990049751243,
            "overall_f1": 0.8088110450828828,
            "overall_precision": 0.7924181404307477,
            "overall_recall": 0.8258965234054202
        }
    },