{
    "de": {
        "accuracy": 0.9773256778717041,
        "loss": 0.06968175815706401,
        "seqeval": {
            "LOC": {
                "f1": 0.8697169445521521,
                "number": 5000,
                "precision": 0.8438675696012039,
                "recall": 0.8972
            },
            "MISC": {
                "f1": 0.5582321321919171,
                "number": 2638,
                "precision": 0.5878406708595388,
                "recall": 0.5314632297194845
            },
            "ORG": {
                "f1": 0.840133435976392,
                "number": 3951,
                "precision": 0.8519385896435077,
                "recall": 0.8286509744368514
            },
            "PER": {
                "f1": 0.9611609048228766,
                "number": 5855,
                "precision": 0.9607508532423208,
                "recall": 0.9615713065755764
            },
            "overall_accuracy": 0.9773256680705155,
            "overall_f1": 0.8489439853076216,
            "overall_precision": 0.8499195587221329,
            "overall_recall": 0.8479706489337308
        }
    },
    "en": {
        "accuracy": 0.9646722078323364,
        "loss": 0.12175475548093136,
        "seqeval": {
            "LOC": {
                "f1": 0.7395885599598595,
                "number": 5955,
                "precision": 0.736631684157921,
                "recall": 0.7425692695214106
            },
            "MISC": {
                "f1": 0.5164245517602408,
                "number": 4505,
                "precision": 0.6291454081632653,
                "recall": 0.4379578246392897
            },
            "ORG": {
                "f1": 0.6559495192307692,
                "number": 3449,
                "precision": 0.6806984720922981,
                "recall": 0.6329370832125254
            },
            "PER": {
                "f1": 0.8701152943577187,
                "number": 5207,
                "precision": 0.9281671745755333,
                "recall": 0.8188976377952756
            },
            "overall_accuracy": 0.9646721940446558,
            "overall_f1": 0.7123363656534281,
            "overall_precision": 0.7580873671782763,
            "overall_recall": 0.6717932621887425
        }
    },
    "es": {
        "accuracy": 0.9674646258354187,
        "loss": 0.1143933291861553,
        "seqeval": {
            "LOC": {
                "f1": 0.8156433320297224,
                "number": 6157,
                "precision": 0.7866626433313216,
                "recall": 0.8468409939905799
            },
            "MISC": {
                "f1": 0.5298588490770901,
                "number": 2817,
                "precision": 0.540420819490587,
                "recall": 0.5197018104366348
            },
            "ORG": {
                "f1": 0.6455231930960086,
                "number": 2239,
                "precision": 0.6243739565943238,
                "recall": 0.6681554265297007
            },
            "PER": {
                "f1": 0.9598952754968464,
                "number": 4187,
                "precision": 0.9565939278937381,
                "recall": 0.9632194888941963
            },
            "overall_accuracy": 0.9674646511974146,
            "overall_f1": 0.77878082235478,
            "overall_precision": 0.7653771396325788,
            "overall_recall": 0.7926623376623376
        }
    },
    "fr": {
        "accuracy": 0.9589983820915222,
        "loss": 0.139370609074831,
        "seqeval": {
            "LOC": {
                "f1": 0.8052599263200982,
                "number": 9814,
                "precision": 0.8087358684480986,
                "recall": 0.8018137354799266
            },
            "MISC": {
                "f1": 0.46077348066298346,
                "number": 2592,
                "precision": 0.4408033826638478,
                "recall": 0.4826388888888889
            },
            "ORG": {
                "f1": 0.5226843100189036,
                "number": 3505,
                "precision": 0.5835385156524798,
                "recall": 0.47332382310984306
            },
            "PER": {
                "f1": 0.9390883420734166,
                "number": 6221,
                "precision": 0.9426627793974732,
                "recall": 0.9355409098215721
            },
            "overall_accuracy": 0.9589983633387889,
            "overall_f1": 0.7593842212411647,
            "overall_precision": 0.769006254343294,
            "overall_recall": 0.75
        }
    },
    "it": {
        "accuracy": 0.9683261513710022,
        "loss": 0.11273908038015311,
        "seqeval": {
            "LOC": {
                "f1": 0.8188480594549958,
                "number": 9788,
                "precision": 0.8273884021693784,
                "recall": 0.8104822231303637
            },
            "MISC": {
                "f1": 0.3817266744096012,
                "number": 2342,
                "precision": 0.34915014164305946,
                "recall": 0.4210076857386849
            },
            "ORG": {
                "f1": 0.5687928307854507,
                "number": 2229,
                "precision": 0.6894568690095847,
                "recall": 0.484073575594437
            },
            "PER": {
                "f1": 0.8937185929648243,
                "number": 8377,
                "precision": 0.9431260771576296,
                "recall": 0.8492300346185986
            },
            "overall_accuracy": 0.9683261676451611,
            "overall_f1": 0.7733188720173536,
            "overall_precision": 0.7951672862453532,
            "overall_recall": 0.7526389866291344
        }
    },
    "nl": {
        "accuracy": 0.9746530652046204,
        "loss": 0.09966058270497756,
        "seqeval": {
            "LOC": {
                "f1": 0.8452705612171666,
                "number": 6909,
                "precision": 0.8382918149466192,
                "recall": 0.8523664785062961
            },
            "MISC": {
                "f1": 0.5207990599294947,
                "number": 2388,
                "precision": 0.5934654525977504,
                "recall": 0.4639865996649916
            },
            "ORG": {
                "f1": 0.6940326871911819,
                "number": 1328,
                "precision": 0.7006907137375288,
                "recall": 0.6875
            },
            "PER": {
                "f1": 0.9377449850126817,
                "number": 4317,
                "precision": 0.933440440670186,
                "recall": 0.9420894139448691
            },
            "overall_accuracy": 0.9746530374802627,
            "overall_f1": 0.8121651861395539,
            "overall_precision": 0.8230483782297966,
            "overall_recall": 0.8015660554142685
        }
    },
    "pl": {
        "accuracy": 0.9562682509422302,
        "loss": 0.1608770775473174,
        "seqeval": {
            "LOC": {
                "f1": 0.8462384030251067,
                "number": 11488,
                "precision": 0.8549977787649934,
                "recall": 0.8376566852367688
            },
            "MISC": {
                "f1": 0.46365914786967427,
                "number": 2042,
                "precision": 0.40422432629278954,
                "recall": 0.5435847208619001
            },
            "ORG": {
                "f1": 0.6610586787033237,
                "number": 2419,
                "precision": 0.6562118126272912,
                "recall": 0.6659776767259198
            },
            "PER": {
                "f1": 0.9117402164862614,
                "number": 5969,
                "precision": 0.9063069028306572,
                "recall": 0.9172390685206903
            },
            "overall_accuracy": 0.9562682769359311,
            "overall_f1": 0.8023865811099854,
            "overall_precision": 0.792061163710717,
            "overall_recall": 0.8129847613833379
        }
    },