{
    "de": {
        "accuracy": 0.9198082685470581,
        "loss": 0.2630213184915867,
        "seqeval": {
            "LOC": {
                "f1": 0.6379519361049704,
                "number": 5000,
                "precision": 0.495733126454616,
                "recall": 0.8946
            },
            "MISC": {
                "f1": 0.3383320178900289,
                "number": 2638,
                "precision": 0.25906526994359386,
                "recall": 0.4874905231235785
            },
            "ORG": {
                "f1": 0.5451240376390077,
                "number": 3951,
                "precision": 0.47194963895574893,
                "recall": 0.645153125790939
            },
            "PER": {
                "f1": 0.9074790457769182,
                "number": 5855,
                "precision": 0.8591484816114756,
                "recall": 0.9615713065755764
            },
            "overall_accuracy": 0.9198082441951474,
            "overall_f1": 0.6425262187391956,
            "overall_precision": 0.5372961720828033,
            "overall_recall": 0.799013987617519
        }
    },
    "en": {
        "accuracy": 0.9631412625312805,
        "loss": 0.12421427884108417,
        "seqeval": {
            "LOC": {
                "f1": 0.6838049974796572,
                "number": 5955,
                "precision": 0.5985879979828542,
                "recall": 0.797313182199832
            },
            "MISC": {
                "f1": 0.5128205128205129,
                "number": 4505,
                "precision": 0.5988734064630893,
                "recall": 0.4483906770255272
            },
            "ORG": {
                "f1": 0.5873256009413347,
                "number": 3449,
                "precision": 0.6988,
                "recall": 0.5065236300376921
            },
            "PER": {
                "f1": 0.86923002794642,
                "number": 5207,
                "precision": 0.8723404255319149,
                "recall": 0.8661417322834646
            },
            "overall_accuracy": 0.9631412475903501,
            "overall_f1": 0.6838885826048147,
            "overall_precision": 0.686429512516469,
            "overall_recall": 0.6813663946432308
        }
    },
    "es": {
        "accuracy": 0.9736170172691345,
        "loss": 0.09145057623256121,
        "seqeval": {
            "LOC": {
                "f1": 0.8125905037725784,
                "number": 6157,
                "precision": 0.7655083285468122,
                "recall": 0.8658437550755238
            },
            "MISC": {
                "f1": 0.6156941649899397,
                "number": 2817,
                "precision": 0.6350943396226415,
                "recall": 0.597444089456869
            },
            "ORG": {
                "f1": 0.5637552545539467,
                "number": 2239,
                "precision": 0.5907978463044542,
                "recall": 0.539079946404645
            },
            "PER": {
                "f1": 0.963076923076923,
                "number": 4187,
                "precision": 0.9544921416842599,
                "recall": 0.9718175304513972
            },
            "overall_accuracy": 0.9736170287300705,
            "overall_f1": 0.7848020434227331,
            "overall_precision": 0.7719849246231156,
            "overall_recall": 0.798051948051948
        }
    },
    "fr": {
        "accuracy": 0.9772307872772217,
        "loss": 0.07443334300763643,
        "seqeval": {
            "LOC": {
                "f1": 0.8610223642172524,
                "number": 9814,
                "precision": 0.8440007829320807,
                "recall": 0.8787446504992867
            },
            "MISC": {
                "f1": 0.6196200077549439,
                "number": 2592,
                "precision": 0.622759158222915,
                "recall": 0.6165123456790124
            },
            "ORG": {
                "f1": 0.7210669726086333,
                "number": 3505,
                "precision": 0.7249134948096886,
                "recall": 0.7172610556348075
            },
            "PER": {
                "f1": 0.947427203829278,
                "number": 6221,
                "precision": 0.9404497941083307,
                "recall": 0.9545089213952741
            },
            "overall_accuracy": 0.9772307692307692,
            "overall_f1": 0.8355631124435097,
            "overall_precision": 0.8275281396791634,
            "overall_recall": 0.8437556479305982
        }
    },
    "it": {
        "accuracy": 0.977445662021637,
        "loss": 0.07475945327667832,
        "seqeval": {
            "LOC": {
                "f1": 0.8358579587782468,
                "number": 9788,
                "precision": 0.8132792113656132,
                "recall": 0.8597261953412342
            },
            "MISC": {
                "f1": 0.491532599491956,
                "number": 2342,
                "precision": 0.48740554156171284,
                "recall": 0.49573014517506403
            },
            "ORG": {
                "f1": 0.6851807517356955,
                "number": 2229,
                "precision": 0.7345995893223819,
                "recall": 0.6419919246298789
            },
            "PER": {
                "f1": 0.9132125926826304,
                "number": 8377,
                "precision": 0.9301720935991086,
                "recall": 0.8968604512355258
            },
            "overall_accuracy": 0.9774456504379269,
            "overall_f1": 0.8142448889865905,
            "overall_precision": 0.8139228267557352,
            "overall_recall": 0.814567206192822
        }
    },
    "nl": {
        "accuracy": 0.9711989760398865,
        "loss": 0.11878754153396144,
        "seqeval": {
            "LOC": {
                "f1": 0.7860044555104182,
                "number": 6909,
                "precision": 0.718065365736861,
                "recall": 0.8681430018816038
            },
            "MISC": {
                "f1": 0.5663501339177015,
                "number": 2388,
                "precision": 0.6765561372891216,
                "recall": 0.4870184254606365
            },
            "ORG": {
                "f1": 0.6349693251533742,
                "number": 1328,
                "precision": 0.646875,
                "recall": 0.6234939759036144
            },
            "PER": {
                "f1": 0.9229380570912783,
                "number": 4317,
                "precision": 0.8996920369555653,
                "recall": 0.9474171878619412
            },
            "overall_accuracy": 0.9711989944319788,
            "overall_f1": 0.7833333333333333,
            "overall_precision": 0.7597811045414518,
            "overall_recall": 0.8083924508097979
        }
    },
    "pl": {
        "accuracy": 0.9454255700111389,
        "loss": 0.19193027717686595,
        "seqeval": {
            "LOC": {
                "f1": 0.81136568941447,
                "number": 11488,
                "precision": 0.7679154360329551,
                "recall": 0.8600278551532033
            },
            "MISC": {
                "f1": 0.5300448430493274,
                "number": 2042,
                "precision": 0.48883374689826303,
                "recall": 0.5788442703232125
            },
            "ORG": {
                "f1": 0.6460778258184064,
                "number": 2419,
                "precision": 0.6435602953240361,
                "recall": 0.6486151302190988
            },
            "PER": {
                "f1": 0.8857466063348416,
                "number": 5969,
                "precision": 0.8554705790541595,
                "recall": 0.918244262020439
            },
            "overall_accuracy": 0.9454255440355475,
            "overall_f1": 0.7866744847655655,
            "overall_precision": 0.7506320195615235,
            "overall_recall": 0.8263527694132676
        }
    },