{
    "de": {
        "accuracy": 0.8865770697593689,
        "loss": 0.3617083413391998,
        "seqeval": {
            "LOC": {
                "f1": 0.6610156548300878,
                "number": 5000,
                "precision": 0.534651019147622,
                "recall": 0.8656
            },
            "MISC": {
                "f1": 0.2555576667300019,
                "number": 2638,
                "precision": 0.17051217038539554,
                "recall": 0.5098559514783927
            },
            "ORG": {
                "f1": 0.6010551948051948,
                "number": 3951,
                "precision": 0.5016088060965284,
                "recall": 0.7496836243988864
            },
            "PER": {
                "f1": 0.9223932186651305,
                "number": 5855,
                "precision": 0.8900889453621347,
                "recall": 0.957130657557643
            },
            "overall_accuracy": 0.8865770936603183,
            "overall_f1": 0.6241343034978523,
            "overall_precision": 0.5052157252341755,
            "overall_recall": 0.8162692043109379
        }
    },
    "en": {
        "accuracy": 0.9586681723594666,
        "loss": 0.14208928460848855,
        "seqeval": {
            "LOC": {
                "f1": 0.6636370299787437,
                "number": 5955,
                "precision": 0.5888397502601457,
                "recall": 0.7602015113350126
            },
            "MISC": {
                "f1": 0.47285824543349625,
                "number": 4505,
                "precision": 0.5622514530437442,
                "recall": 0.40799112097669255
            },
            "ORG": {
                "f1": 0.6224811083123426,
                "number": 3449,
                "precision": 0.6810196348604891,
                "recall": 0.5732096259785445
            },
            "PER": {
                "f1": 0.8587793798143393,
                "number": 5207,
                "precision": 0.8839194958324863,
                "recall": 0.8350297676205108
            },
            "overall_accuracy": 0.9586681888791151,
            "overall_f1": 0.669745348990632,
            "overall_precision": 0.6757548325256936,
            "overall_recall": 0.6638418079096046
        }
    },
    "es": {
        "accuracy": 0.9823748469352722,
        "loss": 0.058009324003233026,
        "seqeval": {
            "LOC": {
                "f1": 0.8937688282860313,
                "number": 6157,
                "precision": 0.8730060399566362,
                "recall": 0.9155432840669157
            },
            "MISC": {
                "f1": 0.6838037030379291,
                "number": 2817,
                "precision": 0.6926438455935907,
                "recall": 0.6751863684771033
            },
            "ORG": {
                "f1": 0.7382427162193164,
                "number": 2239,
                "precision": 0.7589622641509434,
                "recall": 0.7186243858865565
            },
            "PER": {
                "f1": 0.9605607032549298,
                "number": 4187,
                "precision": 0.9555660600330891,
                "recall": 0.9656078337711965
            },
            "overall_accuracy": 0.9823748615167691,
            "overall_f1": 0.8522969567745687,
            "overall_precision": 0.8480776649093481,
            "overall_recall": 0.8565584415584415
        }
    },
    "fr": {
        "accuracy": 0.9648019671440125,
        "loss": 0.12186218328287254,
        "seqeval": {
            "LOC": {
                "f1": 0.8122670112828668,
                "number": 9814,
                "precision": 0.7929160601649685,
                "recall": 0.8325861014876706
            },
            "MISC": {
                "f1": 0.5633447468012255,
                "number": 2592,
                "precision": 0.528576259722692,
                "recall": 0.6030092592592593
            },
            "ORG": {
                "f1": 0.4688622754491018,
                "number": 3505,
                "precision": 0.4932283464566929,
                "recall": 0.4467902995720399
            },
            "PER": {
                "f1": 0.9391038532700507,
                "number": 6221,
                "precision": 0.9399355877616747,
                "recall": 0.9382735894550716
            },
            "overall_accuracy": 0.9648019639934533,
            "overall_f1": 0.7654034257129458,
            "overall_precision": 0.7567006667549786,
            "overall_recall": 0.7743086932947768
        }
    },
    "it": {
        "accuracy": 0.9740885496139526,
        "loss": 0.08948505241316178,
        "seqeval": {
            "LOC": {
                "f1": 0.8292780414688985,
                "number": 9788,
                "precision": 0.8114794172289039,
                "recall": 0.8478749489170413
            },
            "MISC": {
                "f1": 0.5145845906256287,
                "number": 2342,
                "precision": 0.48649676683149484,
                "recall": 0.5461144321093083
            },
            "ORG": {
                "f1": 0.6428015564202334,
                "number": 2229,
                "precision": 0.7619926199261993,
                "recall": 0.5558546433378196
            },
            "PER": {
                "f1": 0.8971325942899611,
                "number": 8377,
                "precision": 0.9321750321750322,
                "recall": 0.8646293422466277
            },
            "overall_accuracy": 0.9740885308529192,
            "overall_f1": 0.8028807682048545,
            "overall_precision": 0.811612439331296,
            "overall_recall": 0.7943349753694581
        }
    },
    "nl": {
        "accuracy": 0.9563128352165222,
        "loss": 0.17683556003100945,
        "seqeval": {
            "LOC": {
                "f1": 0.8037602820211517,
                "number": 6909,
                "precision": 0.7692511246361471,
                "recall": 0.8415110725141121
            },
            "MISC": {
                "f1": 0.534867663981588,
                "number": 2388,
                "precision": 0.5937659683188554,
                "recall": 0.48659966499162477
            },
            "ORG": {
                "f1": 0.6403445800430725,
                "number": 1328,
                "precision": 0.6117969821673526,
                "recall": 0.6716867469879518
            },
            "PER": {
                "f1": 0.9341072038238306,
                "number": 4317,
                "precision": 0.9181208053691275,
                "recall": 0.9506601806810285
            },
            "overall_accuracy": 0.9563128480013297,
            "overall_f1": 0.7880204048050025,
            "overall_precision": 0.7752379718966522,
            "overall_recall": 0.8012314281889975
        }
    },
    "pl": {
        "accuracy": 0.9487913250923157,
        "loss": 0.18220480611906364,
        "seqeval": {
            "LOC": {
                "f1": 0.7947255291005291,
                "number": 11488,
                "precision": 0.75669080604534,
                "recall": 0.8367862116991643
            },
            "MISC": {
                "f1": 0.49845900965687284,
                "number": 2042,
                "precision": 0.4293805309734513,
                "recall": 0.5940254652301665
            },
            "ORG": {
                "f1": 0.653814935064935,
                "number": 2419,
                "precision": 0.6420884814667198,
                "recall": 0.6659776767259198
            },
            "PER": {
                "f1": 0.8956129561295612,
                "number": 5969,
                "precision": 0.8771281721811757,
                "recall": 0.9148936170212766
            },
            "overall_accuracy": 0.948791348600509,
            "overall_f1": 0.7751071846173834,
            "overall_precision": 0.7376360039564788,
            "overall_recall": 0.8165891048453326
        }
    },