{
    "de": {
        "accuracy": 0.9429857134819031,
        "loss": 0.1820316467549383,
        "seqeval": {
            "LOC": {
                "f1": 0.7417640807651434,
                "number": 5000,
                "precision": 0.6272639292133279,
                "recall": 0.9074
            },
            "MISC": {
                "f1": 0.3838836038052602,
                "number": 2638,
                "precision": 0.3042128603104213,
                "recall": 0.5200909780136467
            },
            "ORG": {
                "f1": 0.6080083203328133,
                "number": 3951,
                "precision": 0.516066384180791,
                "recall": 0.7398127056441407
            },
            "PER": {
                "f1": 0.9417288505072525,
                "number": 5855,
                "precision": 0.924901185770751,
                "recall": 0.9591801878736123
            },
            "overall_accuracy": 0.9429857254668108,
            "overall_f1": 0.7061065904259218,
            "overall_precision": 0.6153584053835343,
            "overall_recall": 0.8282504012841091
        }
    },
    "en": {
        "accuracy": 0.9779528975486755,
        "loss": 0.0717052282090043,
        "seqeval": {
            "LOC": {
                "f1": 0.8227755697947928,
                "number": 5955,
                "precision": 0.7957326639472858,
                "recall": 0.8517212426532326
            },
            "MISC": {
                "f1": 0.657253718473809,
                "number": 4505,
                "precision": 0.6388015922899644,
                "recall": 0.6768035516093229
            },
            "ORG": {
                "f1": 0.7567890182035214,
                "number": 3449,
                "precision": 0.7795880725484169,
                "recall": 0.7352855900260945
            },
            "PER": {
                "f1": 0.9087796062018454,
                "number": 5207,
                "precision": 0.900301545420279,
                "recall": 0.9174188592279624
            },
            "overall_accuracy": 0.9779528737998541,
            "overall_f1": 0.7951161712431096,
            "overall_precision": 0.7832132345478534,
            "overall_recall": 0.8073864825277255
        }
    },
    "es": {
        "accuracy": 0.9715370535850525,
        "loss": 0.10394222109226992,
        "seqeval": {
            "LOC": {
                "f1": 0.8338921060652241,
                "number": 6157,
                "precision": 0.7854169656954213,
                "recall": 0.8887445184343025
            },
            "MISC": {
                "f1": 0.5992879746835444,
                "number": 2817,
                "precision": 0.6766413577489951,
                "recall": 0.5378061767838126
            },
            "ORG": {
                "f1": 0.630942091616249,
                "number": 2239,
                "precision": 0.6111343658434492,
                "recall": 0.6520768200089325
            },
            "PER": {
                "f1": 0.9523248969982343,
                "number": 4187,
                "precision": 0.9389507892293407,
                "recall": 0.9660855027465967
            },
            "overall_accuracy": 0.9715370434432296,
            "overall_f1": 0.7981343641184551,
            "overall_precision": 0.7855121675155631,
            "overall_recall": 0.8111688311688312
        }
    },
    "fr": {
        "accuracy": 0.9612831473350525,
        "loss": 0.13624241657966946,
        "seqeval": {
            "LOC": {
                "f1": 0.791186241938636,
                "number": 9814,
                "precision": 0.7599962455415806,
                "recall": 0.8250458528632566
            },
            "MISC": {
                "f1": 0.4902574808629089,
                "number": 2592,
                "precision": 0.44645120405576677,
                "recall": 0.5435956790123457
            },
            "ORG": {
                "f1": 0.3885491939966648,
                "number": 3505,
                "precision": 0.37875914386345166,
                "recall": 0.39885877318116975
            },
            "PER": {
                "f1": 0.9362376237623763,
                "number": 6221,
                "precision": 0.9228607120549657,
                "recall": 0.9500080372930397
            },
            "overall_accuracy": 0.9612831423895254,
            "overall_f1": 0.7304559376153963,
            "overall_precision": 0.7033674963396779,
            "overall_recall": 0.7597144406289535
        }
    },
    "it": {
        "accuracy": 0.9746219515800476,
        "loss": 0.09248713528834326,
        "seqeval": {
            "LOC": {
                "f1": 0.8274822962181708,
                "number": 9788,
                "precision": 0.81379037834634,
                "recall": 0.841642827952595
            },
            "MISC": {
                "f1": 0.43643564356435643,
                "number": 2342,
                "precision": 0.4069423929098966,
                "recall": 0.4705380017079419
            },
            "ORG": {
                "f1": 0.6934970441109595,
                "number": 2229,
                "precision": 0.7030889810972798,
                "recall": 0.6841633019291162
            },
            "PER": {
                "f1": 0.9126770665232204,
                "number": 8377,
                "precision": 0.9139334450562605,
                "recall": 0.9114241375193983
            },
            "overall_accuracy": 0.9746219646975398,
            "overall_f1": 0.8027771750922109,
            "overall_precision": 0.7921555193971054,
            "overall_recall": 0.8136875439831105
        }
    },
    "nl": {
        "accuracy": 0.9790576100349426,
        "loss": 0.07877909868504061,
        "seqeval": {
            "LOC": {
                "f1": 0.857222338131998,
                "number": 6909,
                "precision": 0.8250334672021419,
                "recall": 0.8920248950644087
            },
            "MISC": {
                "f1": 0.6331823795800742,
                "number": 2388,
                "precision": 0.622672064777328,
                "recall": 0.6440536013400335
            },
            "ORG": {
                "f1": 0.6462081128747795,
                "number": 1328,
                "precision": 0.6078301260783012,
                "recall": 0.6897590361445783
            },
            "PER": {
                "f1": 0.9008217944388157,
                "number": 4317,
                "precision": 0.8762593079281646,
                "recall": 0.9268010192263145
            },
            "overall_accuracy": 0.9790575916230366,
            "overall_f1": 0.815247940558876,
            "overall_precision": 0.7879847623805658,
            "overall_recall": 0.8444652656940169
        }
    },
    "pl": {
        "accuracy": 0.9676284790039062,
        "loss": 0.12024209270594825,
        "seqeval": {
            "LOC": {
                "f1": 0.8675200952664484,
                "number": 11488,
                "precision": 0.8481496881496882,
                "recall": 0.8877959610027855
            },
            "MISC": {
                "f1": 0.48147326381184824,
                "number": 2042,
                "precision": 0.44016227180527384,
                "recall": 0.5313418217433888
            },
            "ORG": {
                "f1": 0.6773881030807983,
                "number": 2419,
                "precision": 0.637490882567469,
                "recall": 0.7226126498553122
            },
            "PER": {
                "f1": 0.899708360337006,
                "number": 5969,
                "precision": 0.8710588235294118,
                "recall": 0.9303065840174234
            },
            "overall_accuracy": 0.9676284607496867,
            "overall_f1": 0.8164744645799012,
            "overall_precision": 0.7872664887533358,
            "overall_recall": 0.8479332055844512
        }
    },