{
    "de": {
        "accuracy": 0.9304768443107605,
        "loss": 0.2133428828464341,
        "seqeval": {
            "LOC": {
                "f1": 0.7139569943664208,
                "number": 5000,
                "precision": 0.5917401025910825,
                "recall": 0.8998
            },
            "MISC": {
                "f1": 0.3501926782273603,
                "number": 2638,
                "precision": 0.25661842569714083,
                "recall": 0.5511751326762699
            },
            "ORG": {
                "f1": 0.7198974239421844,
                "number": 3951,
                "precision": 0.6672428694900605,
                "recall": 0.7815742849911415
            },
            "PER": {
                "f1": 0.9465817409766454,
                "number": 5855,
                "precision": 0.9413851351351351,
                "recall": 0.9518360375747225
            },
            "overall_accuracy": 0.9304768737654205,
            "overall_f1": 0.7083686774435908,
            "overall_precision": 0.6135953310660452,
            "overall_recall": 0.8377665673010777
        }
    },
    "en": {
        "accuracy": 0.9662555456161499,
        "loss": 0.11243846973629443,
        "seqeval": {
            "LOC": {
                "f1": 0.7729702639492148,
                "number": 5955,
                "precision": 0.7689878677081602,
                "recall": 0.7769941225860622
            },
            "MISC": {
                "f1": 0.5936497400154885,
                "number": 4505,
                "precision": 0.5917512130569034,
                "recall": 0.595560488346282
            },
            "ORG": {
                "f1": 0.6507221618263705,
                "number": 3449,
                "precision": 0.7006688963210702,
                "recall": 0.6074224412873297
            },
            "PER": {
                "f1": 0.8555431131019037,
                "number": 5207,
                "precision": 0.9103119584055459,
                "recall": 0.8069905895909353
            },
            "overall_accuracy": 0.966255544534072,
            "overall_f1": 0.7301263649290372,
            "overall_precision": 0.7494079418406124,
            "overall_recall": 0.7118120945804561
        }
    },
    "es": {
        "accuracy": 0.9719749093055725,
        "loss": 0.10303624689776376,
        "seqeval": {
            "LOC": {
                "f1": 0.8173791821561338,
                "number": 6157,
                "precision": 0.78119911176906,
                "recall": 0.8570732499593958
            },
            "MISC": {
                "f1": 0.6010270940322295,
                "number": 2817,
                "precision": 0.5996466431095406,
                "recall": 0.6024139155129571
            },
            "ORG": {
                "f1": 0.6595269968763944,
                "number": 2239,
                "precision": 0.6589389210878288,
                "recall": 0.6601161232693167
            },
            "PER": {
                "f1": 0.962291169451074,
                "number": 4187,
                "precision": 0.9616026711185309,
                "recall": 0.9629806544064963
            },
            "overall_accuracy": 0.9719749350825645,
            "overall_f1": 0.7946277966964768,
            "overall_precision": 0.7792272642157169,
            "overall_recall": 0.8106493506493506
        }
    },
    "fr": {
        "accuracy": 0.9632242321968079,
        "loss": 0.12249706541398662,
        "seqeval": {
            "LOC": {
                "f1": 0.799434600434146,
                "number": 9814,
                "precision": 0.7921960980490245,
                "recall": 0.806806602812309
            },
            "MISC": {
                "f1": 0.5051409618573798,
                "number": 2592,
                "precision": 0.44299011052937753,
                "recall": 0.5875771604938271
            },
            "ORG": {
                "f1": 0.46208604147322807,
                "number": 3505,
                "precision": 0.5049036185322963,
                "recall": 0.425962910128388
            },
            "PER": {
                "f1": 0.9403178722024003,
                "number": 6221,
                "precision": 0.9487808869252168,
                "recall": 0.9320045008841022
            },
            "overall_accuracy": 0.9632242225859247,
            "overall_f1": 0.7497591468196177,
            "overall_precision": 0.7436113950491089,
            "overall_recall": 0.7560093981565155
        }
    },
    "it": {
        "accuracy": 0.9719260334968567,
        "loss": 0.09764553147847253,
        "seqeval": {
            "LOC": {
                "f1": 0.8221832800742191,
                "number": 9788,
                "precision": 0.8296234657790722,
                "recall": 0.8148753575807111
            },
            "MISC": {
                "f1": 0.43260422508880164,
                "number": 2342,
                "precision": 0.3847688726305288,
                "recall": 0.49402220324508966
            },
            "ORG": {
                "f1": 0.5725593667546174,
                "number": 2229,
                "precision": 0.695067264573991,
                "recall": 0.4867653656348138
            },
            "PER": {
                "f1": 0.8928323334385854,
                "number": 8377,
                "precision": 0.9478412443014212,
                "recall": 0.8438581831204488
            },
            "overall_accuracy": 0.9719260475426906,
            "overall_f1": 0.7791148368487469,
            "overall_precision": 0.7988447319778188,
            "overall_recall": 0.7603360309641097
        }
    },
    "nl": {
        "accuracy": 0.9841321706771851,
        "loss": 0.053826160232226056,
        "seqeval": {
            "LOC": {
                "f1": 0.8928192430137956,
                "number": 6909,
                "precision": 0.8732355383337946,
                "recall": 0.9133014908090896
            },
            "MISC": {
                "f1": 0.6876471847570114,
                "number": 2388,
                "precision": 0.7034603591765222,
                "recall": 0.6725293132328308
            },
            "ORG": {
                "f1": 0.7757951900698216,
                "number": 1328,
                "precision": 0.8,
                "recall": 0.7530120481927711
            },
            "PER": {
                "f1": 0.9503414747077208,
                "number": 4317,
                "precision": 0.9497917630726516,
                "recall": 0.950891823025249
            },
            "overall_accuracy": 0.9841321781766807,
            "overall_f1": 0.8674016587283083,
            "overall_precision": 0.8634042835355745,
            "overall_recall": 0.8714362200508633
        }
    },
    "pl": {
        "accuracy": 0.962515652179718,
        "loss": 0.13512243893644618,
        "seqeval": {
            "LOC": {
                "f1": 0.8483333333333334,
                "number": 11488,
                "precision": 0.8549328147100425,
                "recall": 0.8418349582172702
            },
            "MISC": {
                "f1": 0.49162497280835327,
                "number": 2042,
                "precision": 0.44227005870841485,
                "recall": 0.5533790401567091
            },
            "ORG": {
                "f1": 0.6777889447236182,
                "number": 2419,
                "precision": 0.6596244131455399,
                "recall": 0.6969822240595287
            },
            "PER": {
                "f1": 0.9039026437263953,
                "number": 5969,
                "precision": 0.9056508577194753,
                "recall": 0.9021611660244597
            },
            "overall_accuracy": 0.9625156659450838,
            "overall_f1": 0.8070991487343916,
            "overall_precision": 0.7989628503732844,
            "overall_recall": 0.8154028652249293
        }
    },