{
    "de": {
        "accuracy": 0.9468012452125549,
        "loss": 0.16942175493105172,
        "seqeval": {
            "LOC": {
                "f1": 0.6619009409876724,
                "number": 5000,
                "precision": 0.5209553335629808,
                "recall": 0.9074
            },
            "MISC": {
                "f1": 0.4340297383775645,
                "number": 2638,
                "precision": 0.4310280373831776,
                "recall": 0.4370735405610311
            },
            "ORG": {
                "f1": 0.7017177344475395,
                "number": 3951,
                "precision": 0.6480171489817792,
                "recall": 0.7651227537332321
            },
            "PER": {
                "f1": 0.9507364144235653,
                "number": 5855,
                "precision": 0.9424400067125357,
                "recall": 0.9591801878736123
            },
            "overall_accuracy": 0.9468012746450002,
            "overall_f1": 0.726401703335699,
            "overall_precision": 0.6510814249363868,
            "overall_recall": 0.8214285714285714
        }
    },
    "en": {
        "accuracy": 0.9610151648521423,
        "loss": 0.1320582603278396,
        "seqeval": {
            "LOC": {
                "f1": 0.6812873825121049,
                "number": 5955,
                "precision": 0.5914204475213253,
                "recall": 0.8033585222502099
            },
            "MISC": {
                "f1": 0.4670924743126909,
                "number": 4505,
                "precision": 0.6236559139784946,
                "recall": 0.37336293007769145
            },
            "ORG": {
                "f1": 0.6258306847731869,
                "number": 3449,
                "precision": 0.6236682983011805,
                "recall": 0.628008118295158
            },
            "PER": {
                "f1": 0.8659111423127068,
                "number": 5207,
                "precision": 0.9061712846347607,
                "recall": 0.8290762435183407
            },
            "overall_accuracy": 0.9610151410230017,
            "overall_f1": 0.679042449985579,
            "overall_precision": 0.6807023077327445,
            "overall_recall": 0.6773906675036618
        }
    },
    "es": {
        "accuracy": 0.970293402671814,
        "loss": 0.11451072487610066,
        "seqeval": {
            "LOC": {
                "f1": 0.7823691460055097,
                "number": 6157,
                "precision": 0.7222985977453945,
                "recall": 0.8533376644469709
            },
            "MISC": {
                "f1": 0.5781881130986728,
                "number": 2817,
                "precision": 0.6309823677581864,
                "recall": 0.5335463258785943
            },
            "ORG": {
                "f1": 0.6630100921456779,
                "number": 2239,
                "precision": 0.6515739542906425,
                "recall": 0.6748548459133542
            },
            "PER": {
                "f1": 0.961964945749374,
                "number": 4187,
                "precision": 0.9604761904761905,
                "recall": 0.9634583233818963
            },
            "overall_accuracy": 0.9702934311875183,
            "overall_f1": 0.779224069675376,
            "overall_precision": 0.7605564142194745,
            "overall_recall": 0.7988311688311688
        }
    },
    "fr": {
        "accuracy": 0.962304413318634,
        "loss": 0.136632270923811,
        "seqeval": {
            "LOC": {
                "f1": 0.7717790225999612,
                "number": 9814,
                "precision": 0.7335230402056178,
                "recall": 0.8142449561850418
            },
            "MISC": {
                "f1": 0.5591950331834724,
                "number": 2592,
                "precision": 0.6281866281866282,
                "recall": 0.503858024691358
            },
            "ORG": {
                "f1": 0.3891669119811598,
                "number": 3505,
                "precision": 0.40194588020674976,
                "recall": 0.37717546362339516
            },
            "PER": {
                "f1": 0.9420242914979757,
                "number": 6221,
                "precision": 0.9490944689182574,
                "recall": 0.9350586722391898
            },
            "overall_accuracy": 0.9623044189852701,
            "overall_f1": 0.7383150281876781,
            "overall_precision": 0.734044928766022,
            "overall_recall": 0.7426350984999096
        }
    },
    "it": {
        "accuracy": 0.9746443033218384,
        "loss": 0.08917550639265534,
        "seqeval": {
            "LOC": {
                "f1": 0.8231530245607127,
                "number": 9788,
                "precision": 0.794187482192041,
                "recall": 0.8543114017163874
            },
            "MISC": {
                "f1": 0.4546975854649773,
                "number": 2342,
                "precision": 0.516567083107007,
                "recall": 0.40606319385140904
            },
            "ORG": {
                "f1": 0.6889615287905457,
                "number": 2229,
                "precision": 0.7837528604118993,
                "recall": 0.6146253925527142
            },
            "PER": {
                "f1": 0.9023081721771679,
                "number": 8377,
                "precision": 0.9449888932444793,
                "recall": 0.8633162229915244
            },
            "overall_accuracy": 0.9746443242000089,
            "overall_f1": 0.8050419035207943,
            "overall_precision": 0.8228836525653392,
            "overall_recall": 0.7879574243490499
        }
    },
    "nl": {
        "accuracy": 0.9730948209762573,
        "loss": 0.11418951627883044,
        "seqeval": {
            "LOC": {
                "f1": 0.8259803921568627,
                "number": 6909,
                "precision": 0.7797917470111839,
                "recall": 0.8779852366478507
            },
            "MISC": {
                "f1": 0.458446251129178,
                "number": 2388,
                "precision": 0.49754901960784315,
                "recall": 0.4250418760469012
            },
            "ORG": {
                "f1": 0.6298412698412698,
                "number": 1328,
                "precision": 0.544456641053787,
                "recall": 0.7469879518072289
            },
            "PER": {
                "f1": 0.9398062730627307,
                "number": 4317,
                "precision": 0.9357060849598163,
                "recall": 0.9439425526986334
            },
            "overall_accuracy": 0.9730948225712623,
            "overall_f1": 0.785312560605081,
            "overall_precision": 0.7594398599649912,
            "overall_recall": 0.8130103065185383
        }
    },
    "pl": {
        "accuracy": 0.9767764210700989,
        "loss": 0.07851493121627631,
        "seqeval": {
            "LOC": {
                "f1": 0.8942691564713456,
                "number": 11488,
                "precision": 0.8821885322266452,
                "recall": 0.9066852367688022
            },
            "MISC": {
                "f1": 0.5923648475531643,
                "number": 2042,
                "precision": 0.6211714132186996,
                "recall": 0.5661116552399609
            },
            "ORG": {
                "f1": 0.7784286002827712,
                "number": 2419,
                "precision": 0.7610584518167457,
                "recall": 0.7966101694915254
            },
            "PER": {
                "f1": 0.9416861046317895,
                "number": 5969,
                "precision": 0.9365368682684342,
                "recall": 0.9468922767632769
            },
            "overall_accuracy": 0.9767764232273746,
            "overall_f1": 0.8674835232034063,
            "overall_precision": 0.8612997526422307,
            "overall_recall": 0.8737567296286157
        }
    },