{
    "de": {
        "accuracy": 0.9475746154785156,
        "loss": 0.17464608722126362,
        "seqeval": {
            "LOC": {
                "f1": 0.6978007981659167,
                "number": 5000,
                "precision": 0.606315478825439,
                "recall": 0.8218
            },
            "MISC": {
                "f1": 0.37098969473070187,
                "number": 2638,
                "precision": 0.38083832335329343,
                "recall": 0.3616376042456406
            },
            "ORG": {
                "f1": 0.6015053313819779,
                "number": 3951,
                "precision": 0.5123775601068566,
                "recall": 0.7281700835231587
            },
            "PER": {
                "f1": 0.8468805855817516,
                "number": 5855,
                "precision": 0.8440787241262301,
                "recall": 0.8497011101622545
            },
            "overall_accuracy": 0.9475746338190899,
            "overall_f1": 0.6755590427618673,
            "overall_precision": 0.6211822423163869,
            "overall_recall": 0.7403691813804173
        }
    },
    "en": {
        "accuracy": 0.9618049263954163,
        "loss": 0.12791745000324406,
        "seqeval": {
            "LOC": {
                "f1": 0.6550218340611355,
                "number": 5955,
                "precision": 0.6429957942413459,
                "recall": 0.6675062972292192
            },
            "MISC": {
                "f1": 0.5423111919927206,
                "number": 4505,
                "precision": 0.556099836715652,
                "recall": 0.5291897891231965
            },
            "ORG": {
                "f1": 0.5838692390139335,
                "number": 3449,
                "precision": 0.5427148194271482,
                "recall": 0.6317773267613801
            },
            "PER": {
                "f1": 0.8321753596242294,
                "number": 5207,
                "precision": 0.8483639265762171,
                "recall": 0.816593047820242
            },
            "overall_accuracy": 0.9618049446950272,
            "overall_f1": 0.662488345592044,
            "overall_precision": 0.6560320065654494,
            "overall_recall": 0.6690730278300899
        }
    },
    "es": {
        "accuracy": 0.9591271877288818,
        "loss": 0.14522782525676764,
        "seqeval": {
            "LOC": {
                "f1": 0.6922262552934059,
                "number": 6157,
                "precision": 0.647658129333522,
                "recall": 0.7433815169725516
            },
            "MISC": {
                "f1": 0.507338357794526,
                "number": 2817,
                "precision": 0.5748314606741574,
                "recall": 0.45402910898118565
            },
            "ORG": {
                "f1": 0.5518039745321243,
                "number": 2239,
                "precision": 0.4857336956521739,
                "recall": 0.6386779812416258
            },
            "PER": {
                "f1": 0.8601889992730797,
                "number": 4187,
                "precision": 0.8728792721908041,
                "recall": 0.8478624313350848
            },
            "overall_accuracy": 0.9591271943844776,
            "overall_f1": 0.6835946124972401,
            "overall_precision": 0.6646629454701589,
            "overall_recall": 0.7036363636363636
        }
    },
    "fr": {
        "accuracy": 0.9549492597579956,
        "loss": 0.16661557177053624,
        "seqeval": {
            "LOC": {
                "f1": 0.7353525069992365,
                "number": 9814,
                "precision": 0.7347167124402401,
                "recall": 0.7359894028938252
            },
            "MISC": {
                "f1": 0.429934280262879,
                "number": 2592,
                "precision": 0.4771764705882353,
                "recall": 0.3912037037037037
            },
            "ORG": {
                "f1": 0.3703703703703704,
                "number": 3505,
                "precision": 0.3208612040133779,
                "recall": 0.43794579172610554
            },
            "PER": {
                "f1": 0.8375999353953,
                "number": 6221,
                "precision": 0.8416098669263227,
                "recall": 0.8336280340781225
            },
            "overall_accuracy": 0.954949263502455,
            "overall_f1": 0.6642980858906604,
            "overall_precision": 0.6531307309405292,
            "overall_recall": 0.6758539671064522
        }
    },
    "it": {
        "accuracy": 0.9675531387329102,
        "loss": 0.12495368874141935,
        "seqeval": {
            "LOC": {
                "f1": 0.7686719869040312,
                "number": 9788,
                "precision": 0.7697745901639345,
                "recall": 0.7675725378013895
            },
            "MISC": {
                "f1": 0.3793755912961211,
                "number": 2342,
                "precision": 0.4252386002120891,
                "recall": 0.34244235695986336
            },
            "ORG": {
                "f1": 0.6503378378378379,
                "number": 2229,
                "precision": 0.6142800159553251,
                "recall": 0.6908927770300584
            },
            "PER": {
                "f1": 0.8455908818236353,
                "number": 8377,
                "precision": 0.8498733871940191,
                "recall": 0.841351319087979
            },
            "overall_accuracy": 0.967553167702657,
            "overall_f1": 0.7482183170289054,
            "overall_precision": 0.7530517686892988,
            "overall_recall": 0.7434465165376496
        }
    },
    "nl": {
        "accuracy": 0.9677501320838928,
        "loss": 0.12109952889608615,
        "seqeval": {
            "LOC": {
                "f1": 0.8007155635062612,
                "number": 6909,
                "precision": 0.7918199830172657,
                "recall": 0.8098132870169344
            },
            "MISC": {
                "f1": 0.42138794084186576,
                "number": 2388,
                "precision": 0.4613851519681116,
                "recall": 0.3877721943048576
            },
            "ORG": {
                "f1": 0.5900870730073677,
                "number": 1328,
                "precision": 0.5313630880579011,
                "recall": 0.6634036144578314
            },
            "PER": {
                "f1": 0.7562836624775584,
                "number": 4317,
                "precision": 0.7334058759521219,
                "recall": 0.7806347000231643
            },
            "overall_accuracy": 0.9677501454333916,
            "overall_f1": 0.7117748116823048,
            "overall_precision": 0.7028578885553961,
            "overall_recall": 0.7209208941239459
        }
    },
    "pl": {
        "accuracy": 0.9616706371307373,
        "loss": 0.135675418544823,
        "seqeval": {
            "LOC": {
                "f1": 0.8208013640238705,
                "number": 11488,
                "precision": 0.804209822920147,
                "recall": 0.838091922005571
            },
            "MISC": {
                "f1": 0.4374546334381805,
                "number": 2042,
                "precision": 0.43232902917264465,
                "recall": 0.4427032321253673
            },
            "ORG": {
                "f1": 0.6586460764948824,
                "number": 2419,
                "precision": 0.5822222222222222,
                "recall": 0.7581645307978504
            },
            "PER": {
                "f1": 0.783151073309032,
                "number": 5969,
                "precision": 0.7581555834378921,
                "recall": 0.8098508962975373
            },
            "overall_accuracy": 0.9616706543617789,
            "overall_f1": 0.7559276594809589,
            "overall_precision": 0.7291534189664675,
            "overall_recall": 0.7847431334975818
        }
    },